GEOCODIGO1,Quantidade_Paralizacao,GEOCODIGO,AG002,ES002,IN014
220005,0,2200053,504,NA,100
220025,0,2200251,1130,NA,100
220027,12,2200277,1250,NA,100
220045,4,2200459,1231,NA,99.48
220070,0,2200707,1876,NA,NA
220090,0,2200905,1243,NA,NA
220095,NA,2200954,NA,NA,NA
220105,19,2201051,1060,NA,100
220110,0,2201101,2360,NA,28.84
220155,NA,2201556,NA,NA,100
220157,0,2201572,701,NA,NA
220170,0,2201705,1407,NA,NA
220173,NA,2201739,NA,NA,100
220180,0,2201804,799,NA,NA
220190,0,2201903,7464,NA,NA
220192,0,2201929,423,NA,NA
220198,0,2201988,679,NA,100
220202,16,2202026,1567,NA,100
220207,NA,2202075,NA,NA,NA
220209,NA,2202091,NA,NA,NA
220210,0,2202109,761,NA,NA
220211,NA,2202117,NA,NA,NA
220213,0,2202133,820,60,30.71
220225,0,2202251,598,NA,NA
220230,0,2202307,4531,NA,100
220245,0,2202455,500,NA,100
220250,0,2202505,855,NA,NA
220255,0,2202554,584,NA,NA
220260,0,2202604,4006,NA,100
220275,0,2202752,692,NA,NA
220277,0,2202778,1001,NA,NA
220280,0,2202802,991,NA,100
220285,0,2202851,751,NA,NA
220310,0,2203107,2178,NA,NA
220320,0,2203206,2725,NA,NA
220323,NA,2203230,NA,NA,NA
220327,0,2203271,444,NA,NA
220335,0,2203354,749,NA,NA
220340,0,2203404,1382,NA,100
220342,0,2203420,423,NA,NA
220345,NA,2203453,NA,NA,100
220360,0,2203602,1407,NA,NA
220375,NA,2203750,NA,NA,NA
220380,0,2203800,835,NA,NA
220385,NA,2203859,NA,NA,NA
220415,NA,2204154,NA,NA,100
220420,0,2204204,1216,NA,23.85
220430,0,2204303,2664,NA,100
220435,NA,2204352,NA,NA,NA
220455,0,2204550,654,NA,NA
220470,0,2204709,3020,875,94.89
220480,0,2204808,1806,NA,100
220490,0,2204907,805,NA,NA
220500,0,2205003,1295,NA,NA
220510,0,2205102,2538,NA,86.19
220515,0,2205151,841,NA,NA
220520,0,2205201,2735,NA,NA
220535,3,2205359,1500,220,100
220551,0,2205516,555,NA,99.88
220552,0,2205524,602,NA,NA
220553,0,2205532,768,NA,NA
220556,NA,2205565,NA,NA,100
220557,NA,2205573,NA,NA,NA
220559,NA,2205599,NA,NA,NA
220590,0,2205904,1144,NA,NA
220595,NA,2205953,NA,NA,NA
220605,NA,2206050,NA,NA,NA
220635,25,2206357,1215,NA,91.58
220650,0,2206506,1337,NA,100
220665,NA,2206654,NA,NA,NA
220670,0,2206704,1028,NA,NA
220690,0,2206902,1402,NA,NA
220700,0,2207009,7105,3050,89.67
220720,0,2207207,1592,NA,NA
220730,0,2207306,866,NA,100
220735,4,2207355,450,NA,NA
220740,0,2207405,496,NA,NA
220755,0,2207553,228,NA,NA
220777,0,2207777,762,NA,NA
220780,0,2207801,4475,NA,NA
220785,0,2207850,796,NA,NA
220790,0,2207900,7954,NA,NA
220793,NA,2207934,NA,NA,NA
220795,0,2207959,304,NA,NA
220800,0,2208007,22502,5689,NA
220810,0,2208106,1746,NA,100
220820,0,2208205,2384,NA,100
220830,0,2208304,7532,NA,84.9
220865,NA,2208650,NA,NA,NA
220870,NA,2208700,NA,48,99.76
220887,NA,2208874,NA,NA,NA
220900,0,2209005,1503,NA,NA
220910,0,2209104,1427,NA,NA
220915,0,2209153,1311,NA,100
220930,0,2209302,1003,NA,NA
220935,0,2209351,687,NA,NA
220937,0,2209377,1437,NA,95.21
220940,0,2209401,1349,NA,NA
220950,0,2209500,997,NA,NA
220955,0,2209559,99,NA,NA
220965,0,2209658,696,NA,100
220970,0,2209708,770,NA,NA
220985,0,2209856,797,NA,95.62
220987,NA,2209872,NA,NA,NA
220990,0,2209906,1458,NA,NA
220995,0,2209955,1763,NA,100
221000,0,2210003,5279,2400,NA
221005,0,2210052,886,NA,NA
221010,0,2210102,799,NA,NA
221020,0,2210201,833,NA,NA
221030,0,2210300,1970,NA,0
221035,0,2210359,557,NA,NA
221037,0,2210375,304,NA,NA
221039,NA,2210391,NA,NA,100
221040,0,2210409,2090,NA,NA
221060,0,2210607,8238,NA,100
221063,0,2210631,549,NA,89.97
221070,0,2210706,2324,NA,NA
221080,0,2210805,2707,NA,NA
221090,0,2210904,626,NA,NA
221093,NA,2210938,NA,NA,NA
221095,NA,2210953,NA,NA,NA
221097,NA,2210979,NA,NA,NA
221130,0,2211308,5966,NA,NA
221135,0,2211357,439,NA,100
221150,NA,2211506,NA,NA,NA
221160,NA,2211605,NA,NA,NA
221170,0,2211704,565,NA,88.09
230010,1,2300101,1204,NA,NA
230015,22,2300150,3600,1006,NA
230030,12,2300309,8482,1790,100
230040,NA,2300408,NA,NA,NA
230050,4,2300507,1193,636,0
230060,7,2300606,2147,272,NA
230070,1,2300705,1229,NA,NA
230080,1,2300804,2256,NA,NA
230090,1,2300903,2292,NA,100
230110,40,2301109,15245,3889,29.37
230120,12,2301208,6503,NA,NA
230125,3,2301257,1606,NA,0
230130,8,2301307,3690,NA,97.92
230140,0,2301406,1272,403,100
230150,3,2301505,1269,NA,NA
230160,1,2301604,4388,NA,NA
230170,3,2301703,4735,692,99
230180,1,2301802,1179,NA,NA
230185,15,2301851,2668,NA,NA
230190,24,2301901,11126,1326,NA
230195,42,2301950,5043,744,100
230200,8,2302008,4493,513,NA
230210,13,2302107,8533,265,58.52
230240,9,2302404,9222,5660,100
230250,NA,2302503,NA,NA,93.69
230270,33,2302701,5906,1248,NA
230280,0,2302800,14093,2663,100
230290,3,2302909,2268,NA,NA
230300,22,2303006,1741,NA,100
230310,5,2303105,2468,NA,100
230320,30,2303204,4614,NA,NA
230330,1,2303303,2185,NA,NA
230340,31,2303402,4564,NA,0
230360,2,2303600,2635,646,100
230365,4,2303659,1918,NA,NA
230370,149,2303709,81587,34084,NA
230380,2,2303808,5530,378,NA
230393,6,2303931,1132,NA,NA
230395,6,2303956,4185,882,0
230400,19,2304004,4148,1630,0
230410,1,2304103,17879,8181,NA
230420,36,2304202,32700,8715,NA
230423,6,2304236,1842,451,55.54
230426,52,2304269,1790,NA,100
230427,1,2304277,1256,NA,NA
230430,4,2304301,2930,NA,100
230435,7,2304350,5353,1720,71.76
230450,12,2304509,3593,556,81.67
230460,1,2304608,1356,NA,100
230465,8,2304657,2371,297,100
230480,0,2304806,687,292,100
230490,6,2304905,3037,1000,100
230500,15,2305001,5532,825,72
230510,0,2305100,637,418,NA
230520,34,2305209,4030,NA,NA
230523,14,2305233,19113,1900,99.04
230526,NA,2305266,NA,NA,100
230530,9,2305308,4121,NA,80.92
230533,12,2305332,3335,NA,NA
230535,6,2305357,6598,NA,86.09
230540,14,2305407,13760,4855,100
230550,6,2305506,28818,4586,90
230560,1,2305605,4357,1209,NA
230565,NA,2305654,NA,NA,NA
230570,0,2305704,2597,NA,68.35
230580,NA,2305803,NA,NA,100
230590,NA,2305902,NA,NA,NA
230600,9,2306009,3857,2500,100
230610,32,2306108,3088,NA,100
230620,23,2306207,1295,NA,99.42
230630,11,2306306,10190,363,NA
230640,17,2306405,22191,10599,98.93
230650,8,2306504,3649,NA,90.07
230660,0,2306603,664,NA,58.69
230670,16,2306702,3504,129,87.31
230680,7,2306801,2695,1816,NA
230690,90,2306900,10013,2619,100
230700,6,2307007,5908,NA,NA
230710,NA,2307106,NA,NA,NA
230720,3,2307205,1435,NA,98.67
230730,307,2307304,84500,21828,93.61
230740,10,2307403,6190,1886,NA
230750,47,2307502,6633,NA,NA
230760,7,2307601,19148,4192,NA
230763,NA,2307635,NA,NA,NA
230770,88,2307700,26613,2573,NA
230800,30,2308005,7506,2001,93.76
230810,6,2308104,5780,1061,100
230820,7,2308203,1432,NA,NA
230830,11,2308302,2812,NA,NA
230835,NA,2308351,NA,NA,NA
230837,8,2308377,2321,NA,NA
230840,30,2308401,5111,163,NA
230850,10,2308500,6643,NA,100
230860,5,2308609,3483,NA,NA
230870,2,2308708,16866,336,NA
230900,13,2309003,3549,662,NA
230910,2,2309102,1294,218,100
230920,2,2309201,3958,NA,97.14
230930,NA,2309300,NA,NA,NA
230940,25,2309409,5225,2037,70.41
230945,15,2309458,2872,479,100
230950,25,2309508,5659,NA,NA
230960,5,2309607,16911,768,NA
230980,3,2309805,950,782,NA
230990,5,2309904,1751,NA,NA
231000,30,2310001,2208,NA,95.95
231010,1,2310100,1452,384,NA
231030,10,2310308,4815,NA,100
231040,10,2310407,2228,358,100
231050,18,2310506,6642,NA,100
231060,5,2310605,2673,NA,NA
231070,29,2310704,8136,NA,83.24
231080,0,2310803,2717,NA,NA
231090,3,2310902,2634,NA,100
231095,30,2310951,1210,NA,NA
231100,13,2311009,2730,840,0
231110,4,2311108,2309,393,NA
231120,1,2311207,1971,NA,98.72
231123,0,2311231,1039,NA,NA
231126,1,2311264,2151,NA,88.18
231130,8,2311306,18198,3606,75.32
231135,12,2311355,2238,1476,100
231140,194,2311405,17696,NA,21.45
231150,17,2311504,2696,NA,100
231160,61,2311603,6394,283,NA
231170,59,2311702,3166,NA,NA
231180,11,2311801,16540,4639,NA
231190,2,2311900,2134,95,10
231195,0,2311959,299,262,NA
231200,0,2312007,4064,NA,NA
231210,4,2312106,2101,NA,92.92
231220,12,2312205,8210,NA,68.68
231230,13,2312304,8450,2694,70.14
231250,NA,2312502,NA,NA,NA
231270,10,2312700,5061,NA,NA
231290,19,2312908,60137,40351,100
231300,20,2313005,4149,NA,53.61
231310,19,2313104,7619,1014,NA
231320,30,2313203,4385,NA,NA
231325,0,2313252,1021,81,30.52
231330,51,2313302,10876,1362,52.83
231335,30,2313351,1829,NA,NA
231340,18,2313401,19547,5410,81.86
231360,13,2313609,5878,NA,100
231370,2,2313708,1117,1267,75.38
231375,6,2313757,4020,NA,100
231380,2,2313807,4941,NA,NA
231395,38,2313955,4745,NA,95.55
231400,14,2314003,8987,2700,100
240010,NA,2400109,3538,2944,88.51
240020,NA,2400208,13131,NA,98.36
240030,NA,2400307,1579,1372,100
240040,NA,2400406,712,NA,100
240050,0,2400505,2833,2379,NA
240060,NA,2400604,1157,NA,100
240070,NA,2400703,2986,61,100
240080,NA,2400802,4020,NA,NA
240090,NA,2400901,NA,489,100
240100,NA,2401008,7307,NA,82.19
240110,NA,2401107,6996,NA,99.12
240130,NA,2401305,1807,NA,63.53
240145,NA,2401453,5501,NA,NA
240150,NA,2401503,1118,NA,100
240160,NA,2401602,904,NA,100
240165,NA,2401651,508,NA,77.49
240170,NA,2401701,3792,NA,NA
240180,5,2401800,2522,NA,94.08
240185,NA,2401859,1301,NA,NA
240190,NA,2401909,862,268,NA
240200,NA,2402006,19633,1677,97.68
240210,NA,2402105,1783,331,NA
240230,NA,2402303,5224,NA,NA
240240,NA,2402402,NA,NA,94.98
240250,NA,2402501,927,699,NA
240270,NA,2402709,1765,NA,NA
240280,NA,2402808,861,NA,100
240290,NA,2402907,520,NA,100
240300,NA,2403004,2468,2211,100
240310,NA,2403103,11246,8816,NA
240320,NA,2403202,1336,401,NA
240330,NA,2403301,1310,2777,92.67
240340,NA,2403400,1476,NA,NA
240370,NA,2403707,1078,NA,NA
240375,NA,2403756,1048,NA,NA
240380,NA,2403806,2593,2207,NA
240390,NA,2403905,557,NA,NA
240400,NA,2404002,996,NA,100
240410,NA,2404101,NA,NA,100
240430,NA,2404309,1778,NA,NA
240440,NA,2404408,2435,NA,NA
240450,NA,2404507,2561,NA,99.81
240460,NA,2404606,518,NA,100
240470,NA,2404705,1081,NA,100
240480,NA,2404804,756,NA,100
240485,NA,2404853,NA,NA,NA
240490,NA,2404903,1613,NA,NA
240500,NA,2405009,1233,NA,100
240510,NA,2405108,977,NA,NA
240520,NA,2405207,1381,NA,NA
240530,NA,2405306,1522,NA,NA
240540,NA,2405405,1214,NA,NA
240550,NA,2405504,411,NA,NA
240560,NA,2405603,3391,500,99.11
240570,NA,2405702,3901,NA,5.99
240580,NA,2405801,7883,2600,52.12
240590,NA,2405900,NA,NA,100
240600,NA,2406007,1245,142,NA
240610,NA,2406106,4586,1215,30.85
240620,NA,2406205,1573,NA,NA
240630,NA,2406304,1299,NA,96.07
240640,NA,2406403,939,NA,NA
240650,NA,2406502,2109,1451,26.92
240660,NA,2406601,2207,NA,NA
240670,NA,2406700,2714,1855,100
240680,NA,2406809,817,458,NA
240690,NA,2406908,745,786,100
240700,NA,2407005,NA,NA,NA
240710,NA,2407104,12144,733,100
240720,NA,2407203,7841,6459,100
240725,NA,2407252,NA,NA,100
240730,NA,2407302,1858,NA,100
240740,NA,2407401,2151,NA,100
240760,NA,2407609,709,NA,NA
240780,NA,2407807,5374,384,NA
240790,NA,2407906,594,NA,NA
240800,NA,2408003,71850,31745,99.95
240830,NA,2408300,9510,2086,73.96
240840,NA,2408409,959,NA,NA
240850,NA,2408508,1297,700,26.65
240860,NA,2408607,870,NA,100
240870,NA,2408706,1134,NA,100
240880,NA,2408805,937,NA,NA
240890,NA,2408904,6319,5510,94.28
240910,NA,2409100,2744,990,94.79
240920,NA,2409209,568,NA,NA
240930,NA,2409308,162,NA,NA
240933,NA,2409332,1075,NA,NA
240940,NA,2409407,9248,1072,72.5
240950,NA,2409506,580,NA,100
240960,NA,2409605,355,NA,NA
240970,NA,2409704,1505,969,NA
240990,NA,2409902,2983,1219,NA
241000,NA,2410009,919,NA,100
241010,NA,2410108,3208,NA,NA
241020,NA,2410207,1568,NA,100
241025,NA,2410256,603,NA,100
241030,NA,2410306,2592,NA,NA
241040,NA,2410405,1026,NA,NA
241050,NA,2410504,870,NA,100
241060,NA,2410603,700,NA,NA
241070,NA,2410702,621,NA,NA
241080,NA,2410801,483,NA,100
241090,NA,2410900,1570,1196,NA
241100,NA,2411007,1430,NA,NA
241105,NA,2411056,1568,NA,NA
241110,NA,2411106,687,NA,NA
241120,6,2411205,10320,9120,100
241140,NA,2411403,2577,NA,NA
241142,NA,2411429,511,593,100
241150,NA,2411502,4498,656,26.08
241160,NA,2411601,663,NA,NA
241170,NA,2411700,817,643,97.41
241180,NA,2411809,946,959,NA
241190,NA,2411908,1160,NA,100
241210,NA,2412104,1912,NA,100
241230,NA,2412302,3322,NA,NA
241240,NA,2412401,908,872,NA
241250,NA,2412500,NA,NA,100
241255,NA,2412559,270,NA,NA
241260,NA,2412609,4290,786,NA
241270,NA,2412708,1149,NA,NA
241280,NA,2412807,2216,1545,NA
241290,NA,2412906,2481,1010,NA
241300,NA,2413003,1751,NA,NA
241310,NA,2413102,1662,NA,NA
241330,NA,2413300,1232,NA,NA
241335,NA,2413359,185,NA,NA
241340,12,2413409,1776,1681,100
241350,NA,2413508,1056,NA,100
241355,NA,2413557,956,NA,NA
241360,NA,2413607,1661,NA,NA
241370,NA,2413706,625,NA,NA
241380,NA,2413805,550,NA,100
241390,NA,2413904,2203,NA,NA
241400,NA,2414001,4359,NA,NA
241410,NA,2414100,2173,NA,49.65
241415,NA,2414159,1482,NA,NA
241430,NA,2414308,757,NA,NA
241440,NA,2414407,691,NA,NA
241445,NA,2414456,750,NA,NA
241450,NA,2414506,3082,NA,NA
241460,NA,2414605,2670,NA,100
241470,NA,2414704,1526,NA,100
241475,NA,2414753,394,NA,100
241480,NA,2414803,4055,NA,NA
241490,NA,2414902,580,NA,100
250010,NA,2500106,1379,NA,NA
250020,NA,2500205,1137,NA,100
250053,0,2500536,1120,100,0
250057,NA,2500577,0,NA,NA
250070,NA,2500700,0,NA,100
250073,NA,2500734,499,124,NA
250077,NA,2500775,1477,NA,100
250090,NA,2500908,3486,3084,100
250100,NA,2501005,3300,2465,90.84
250115,NA,2501153,272,810,0
250120,NA,2501203,0,NA,100
250130,NA,2501302,0,NA,93.83
250135,NA,2501351,NA,NA,100
250150,NA,2501500,1584,NA,NA
250153,NA,2501534,NA,NA,100
250157,NA,2501575,336,NA,100
250160,NA,2501609,3081,NA,NA
250170,NA,2501708,0,NA,97.27
250200,NA,2502003,1447,1000,100
250205,NA,2502052,0,NA,NA
250210,NA,2502102,1262,NA,44.75
250215,NA,2502151,1436,NA,100
250220,NA,2502201,595,NA,100
250230,NA,2502300,711,NA,100
250240,NA,2502409,2617,1000,100
250250,NA,2502508,3451,3450,100
250260,NA,2502607,1467,NA,100
250280,NA,2502805,2846,NA,NA
250290,NA,2502904,1557,NA,NA
250310,NA,2503100,832,NA,NA
250330,NA,2503308,1218,NA,99.22
250340,NA,2503407,581,NA,100
250350,NA,2503506,3074,NA,100
250355,NA,2503555,0,1100,100
250360,NA,2503605,1808,NA,NA
250370,NA,2503704,19044,3086,90.13
250375,NA,2503753,459,115,100
250390,NA,2503902,1512,130,0
250400,NA,2504009,125763,98449,98
250407,NA,2504074,675,1150,NA
250410,NA,2504108,0,NA,100
250415,NA,2504157,946,NA,41.4
250420,NA,2504207,1002,350,100
250430,NA,2504306,6719,1754,100
250435,NA,2504355,576,NA,85.42
250440,NA,2504405,3875,1750,100
250450,NA,2504504,1921,NA,NA
250470,NA,2504702,1459,NA,26.67
250480,NA,2504801,NA,NA,94.71
250485,NA,2504850,383,NA,100
250500,NA,2505006,1819,214,NA
250510,NA,2505105,0,NA,NA
250530,NA,2505303,NA,NA,NA
250535,NA,2505352,0,NA,100
250540,NA,2505402,0,NA,100
250550,NA,2505501,807,NA,NA
250560,NA,2505600,1326,869,100
250570,NA,2505709,0,NA,95.07
250590,NA,2505907,653,NA,98.66
250600,NA,2506004,6222,NA,99.19
250610,NA,2506103,1868,NA,100
250620,NA,2506202,757,680,100
250625,NA,2506251,0,NA,NA
250650,NA,2506509,727,NA,NA
250660,NA,2506608,1322,NA,100
250670,NA,2506707,1413,NA,99.62
250680,NA,2506806,3901,NA,NA
250690,NA,2506905,5790,NA,NA
250700,NA,2507002,5202,1868,NA
250720,NA,2507200,1714,NA,65.21
250740,NA,2507408,1236,10,100
250770,NA,2507705,2497,NA,NA
250780,NA,2507804,NA,NA,NA
250800,NA,2508000,1529,NA,100
250810,NA,2508109,725,NA,NA
250830,NA,2508307,3285,137,85.43
250840,NA,2508406,441,NA,100
250850,NA,2508505,1364,NA,NA
250855,NA,2508554,629,NA,100
250870,7,2508703,1227,963,100
250880,NA,2508802,1732,NA,100
250900,NA,2509008,2314,700,100
250915,NA,2509156,1677,NA,NA
250920,NA,2509206,1362,NA,NA
250937,NA,2509370,224,NA,100
250939,NA,2509396,1481,850,100
250940,NA,2509404,927,NA,100
250950,NA,2509503,0,NA,100
250960,NA,2509602,1082,NA,NA
250970,NA,2509701,8100,6531,NA
250990,NA,2509909,1031,NA,100
251000,NA,2510006,1008,NA,NA
251010,NA,2510105,0,NA,NA
251020,NA,2510204,1205,NA,100
251030,NA,2510303,0,950,100
251040,NA,2510402,1367,NA,100
251050,NA,2510501,728,NA,NA
251060,NA,2510600,686,680,100
251065,NA,2510659,333,NA,NA
251070,NA,2510709,651,NA,NA
251080,NA,2510808,32926,2008,100
251090,NA,2510907,1392,NA,100
251100,2,2511004,700,250,99.83
251110,NA,2511103,1216,1500,100
251130,NA,2511301,3821,NA,98.65
251140,NA,2511400,4365,NA,NA
251200,NA,2512002,3556,NA,100
251203,NA,2512036,253,NA,100
251207,NA,2512077,765,0,100
251210,NA,2512101,9848,5879,100
251220,NA,2512200,887,NA,NA
251230,NA,2512309,5234,NA,NA
251240,NA,2512408,1550,NA,NA
251250,NA,2512507,9120,191,74.63
251260,NA,2512606,304,80,100
251270,NA,2512705,0,NA,100
251274,NA,2512747,0,NA,100
251275,NA,2512754,689,NA,NA
251278,NA,2512788,0,NA,100
251280,NA,2512804,0,100,100
251300,NA,2513000,593,151,100
251310,NA,2513109,1356,NA,100
251315,NA,2513158,NA,NA,NA
251320,NA,2513208,1314,NA,100
251330,NA,2513307,1128,1700,100
251335,3,2513356,570,560,100
251340,NA,2513406,4400,1700,100
251350,NA,2513505,916,NA,100
251360,NA,2513604,1313,NA,100
251365,NA,2513653,285,NA,NA
251380,NA,2513802,968,NA,67.78
251385,NA,2513851,NA,NA,NA
251390,NA,2513901,8094,9600,100
251392,NA,2513927,1009,NA,NA
251394,NA,2513943,592,420,98.45
251396,NA,2513968,NA,NA,NA
251398,NA,2513984,489,NA,60.72
251400,NA,2514008,1212,NA,NA
251410,NA,2514107,NA,NA,NA
251420,NA,2514206,1051,NA,100
251430,NA,2514305,871,NA,NA
251440,NA,2514404,664,NA,NA
251450,NA,2514503,4993,NA,100
251455,NA,2514552,NA,NA,NA
251460,NA,2514602,624,NA,100
251465,NA,2514651,373,120,100
251470,NA,2514701,1010,1200,100
251480,NA,2514800,876,NA,NA
251490,NA,2514909,2298,2000,100
251510,NA,2515104,1577,NA,81.19
251520,0,2515203,700,500,100
251540,NA,2515401,1236,NA,99.96
251550,NA,2515500,3564,NA,NA
251570,NA,2515708,829,NA,100
251600,NA,2516003,5651,NA,80.05
251610,NA,2516102,3727,NA,91.27
251615,NA,2516151,NA,NA,NA
251620,7,2516201,19046,7995,100
251630,NA,2516300,5272,1670,NA
251640,NA,2516409,1612,NA,100
251650,NA,2516508,0,NA,NA
251660,NA,2516607,3080,456,100
251670,NA,2516706,2904,NA,96.17
251675,0,2516755,472,1,100
251680,NA,2516805,0,NA,100
251690,NA,2516904,4025,NA,100
251700,NA,2517001,417,450,100
251710,NA,2517100,828,400,100
251720,NA,2517209,363,NA,100
251740,8,2517407,430,NA,89.4
260010,16,2600104,12539,NA,100
260020,0,2600203,2924,NA,NA
260030,0,2600302,7335,NA,NA
260050,0,2600500,5881,NA,98.13
260060,0,2600609,1927,NA,49.39
260080,0,2600807,6075,NA,NA
260100,0,2601003,2332,NA,94.83
260110,16,2601102,15114,10681,85
260120,0,2601201,19434,1095,NA
260160,0,2601607,4031,NA,NA
260170,0,2601706,25616,8468,8.24
260180,0,2601805,1691,1458,NA
260190,0,2601904,16402,NA,NA
260200,14,2602001,4855,7854,100
260210,0,2602100,9096,NA,NA
260220,0,2602209,7616,NA,NA
260240,0,2602407,1166,NA,NA
260250,0,2602506,1550,NA,99.74
260260,0,2602605,8156,5900,NA
260280,0,2602803,4794,NA,NA
260300,10,2603009,7833,5221,98.5
260310,0,2603108,5653,NA,NA
260320,0,2603207,1913,NA,100
260330,0,2603306,1229,NA,39.33
260340,6,2603405,829,NA,NA
260350,2,2603504,4130,NA,100
260370,0,2603702,4271,NA,97.98
260380,0,2603801,2130,NA,NA
260390,6,2603900,3793,NA,NA
260392,0,2603926,1200,1200,100
260410,0,2604106,94618,41896,12.63
260415,0,2604155,496,NA,79.55
260430,0,2604304,2413,1511,100
260450,0,2604502,3878,NA,36.79
260470,0,2604700,3187,NA,NA
260490,0,2604908,2226,NA,NA
260500,0,2605004,8160,NA,NA
260510,0,2605103,6673,NA,12.93
260515,0,2605152,2546,1666,98.94
260530,22,2605301,5163,NA,NA
260560,9,2605608,4272,NA,NA
260570,5,2605707,7036,NA,100
260580,1,2605806,1985,NA,NA
260600,0,2606002,40358,3925,NA
260630,10,2606309,1002,905,NA
260640,3,2606408,27595,347,NA
260650,NA,2606507,NA,NA,NA
260660,0,2606606,4353,NA,28.47
260670,0,2606705,1384,NA,15.53
260690,0,2606903,2668,150,71.47
260700,9,2607000,5714,1599,NA
260710,0,2607109,689,NA,NA
260730,0,2607307,4591,2160,NA
260740,0,2607406,1314,NA,NA
260750,0,2607505,5255,NA,30.78
260770,0,2607703,3271,NA,100
260800,0,2608008,812,NA,NA
260805,11,2608057,3377,NA,100
260810,3,2608107,6156,NA,NA
260825,0,2608255,1210,NA,16.74
260830,0,2608305,1056,NA,NA
260840,0,2608404,4088,NA,100
260860,0,2608602,2036,NA,23.46
260870,0,2608701,3176,NA,NA
260875,0,2608750,4280,2347,100
260880,2,2608800,12222,NA,NA
260915,0,2609154,1961,NA,NA
260930,0,2609303,3389,NA,94.23
260970,4,2609709,2111,NA,46.98
260980,2,2609808,1620,NA,NA
260990,7,2609907,13726,NA,78.77
261010,0,2610103,1652,NA,100
261020,0,2610202,5041,3400,100
261030,0,2610301,432,NA,96.46
261040,3,2610400,3424,NA,100
261050,0,2610509,5339,NA,NA
261080,0,2610806,3160,NA,NA
261090,3,2610905,12722,NA,84.32
261100,2,2611002,7063,NA,100
261110,8,2611101,78644,51869,100
261120,0,2611200,2163,NA,NA
261153,5,2611533,1072,NA,NA
261170,0,2611705,4163,NA,NA
261200,0,2612000,2788,NA,NA
261210,0,2612109,974,NA,NA
261220,25,2612208,18348,5595,100
261230,0,2612307,1724,NA,98.92
261240,0,2612406,6163,NA,NA
261245,18,2612455,2017,NA,NA
261247,0,2612471,58,NA,100
261250,0,2612505,23120,NA,NA
261255,6,2612554,1553,1,91.35
261260,0,2612604,4638,NA,NA
261270,0,2612703,2099,NA,100
261280,0,2612802,2469,NA,NA
261300,7,2613008,8084,NA,NA
261310,0,2613107,9004,NA,92.21
261320,1,2613206,3999,NA,NA
261330,0,2613305,5180,NA,100
261350,1,2613503,6018,14000,NA
261360,3,2613602,8135,8200,100
261390,15,2613909,24838,3500,NA
261400,8,2614006,2772,NA,100
261410,10,2614105,6134,NA,NA
261430,5,2614303,1513,NA,NA
261440,0,2614402,612,NA,100
261450,0,2614501,19021,NA,NA
261460,4,2614600,8089,NA,NA
261470,0,2614709,2873,NA,20.9
261480,0,2614808,4250,NA,NA
261500,0,2615003,2586,400,95.48
261510,1,2615102,1077,NA,NA
261520,17,2615201,2667,NA,NA
261540,0,2615409,9724,NA,NA
261560,15,2615607,8396,NA,NA
261570,0,2615706,2514,NA,99.1
261580,0,2615805,3348,5000,NA
261590,2,2615904,2894,NA,NA
261600,0,2616001,2659,NA,95.54
261610,4,2616100,2578,NA,NA
261618,0,2616183,947,NA,96.02
261620,0,2616209,4436,NA,100
270010,126,2700102,3280,NA,87.38
270030,156,2700300,57575,15000,NA
270070,22,2700706,2989,1267,38.33
270090,12,2700904,579,NA,NA
270120,32,2701209,558,NA,99.6
270160,220,2701605,1739,NA,NA
270180,44,2701803,1593,NA,NA
270200,6,2702009,836,NA,NA
270235,116,2702355,4084,NA,NA
270240,144,2702405,14522,14000,13.27
270250,32,2702504,1107,NA,96.55
270255,9,2702553,1724,NA,NA
270290,84,2702900,4382,NA,NA
270310,104,2703106,3202,NA,NA
270330,198,2703304,2219,NA,71.74
270340,12,2703403,1291,NA,NA
270370,32,2703700,805,NA,NA
270410,89,2704104,3164,NA,0
270440,52,2704401,2060,NA,91.17
270460,28,2704609,1607,NA,100
270500,420,2705002,2332,NA,NA
270530,12,2705309,480,NA,NA
270540,22,2705408,1244,NA,NA
270570,25,2705705,5767,NA,NA
270580,152,2705804,1303,NA,NA
270600,27,2706000,1649,NA,NA
270610,30,2706109,1330,NA,96.23
270620,20,2706208,1091,NA,100
270630,20,2706307,18456,752,100
270640,22,2706406,6498,0,NA
270642,146,2706422,2087,NA,100
270710,24,2707107,4769,1945,NA
270720,25,2707206,989,NA,NA
270760,10,2707602,2527,335,NA
270800,30,2708006,10696,830,99.53
270840,27,2708402,3938,NA,NA
270895,52,2708956,1084,NA,99.48
270920,43,2709202,2286,NA,79.77
280010,0,2800100,658,NA,NA
280020,0,2800209,6248,NA,NA
280110,0,2801108,1309,NA,NA
280120,0,2801207,5072,NA,NA
280140,0,2801405,5885,NA,NA
280160,0,2801603,2045,NA,NA
280190,0,2801900,1380,NA,NA
280220,0,2802205,1909,NA,NA
280230,0,2802304,4472,NA,100
280240,0,2802403,3046,NA,100
280260,0,2802601,2124,NA,100
280310,0,2803104,2285,NA,NA
280370,0,2803708,1828,657,NA
280420,0,2804201,3882,NA,79.84
280445,0,2804458,2112,1496,100
280450,0,2804508,12327,NA,NA
280460,0,2804607,7318,NA,99.36
280470,0,2804706,3579,NA,NA
280500,0,2805000,1049,NA,NA
280520,0,2805208,1633,NA,NA
280540,0,2805406,4831,NA,100
280550,0,2805505,6217,NA,100
280560,0,2805604,7909,NA,NA
280570,0,2805703,8353,NA,NA
280600,0,2806008,5266,NA,NA
280700,0,2807006,890,NA,NA
280710,0,2807105,8780,874,100
280730,0,2807303,1067,NA,NA
280740,0,2807402,12383,NA,100
290010,NA,2900108,NA,NA,NA
290020,6,2900207,3668,1908,100
290035,0,2900355,3293,NA,NA
290040,0,2900405,2703,NA,NA
290050,5,2900504,2032,NA,100
290100,11,2901007,10990,338,62.06
290115,98,2901155,4248,NA,100
290120,1,2901205,2128,NA,79.99
290130,2,2901304,2651,NA,100
290135,21,2901353,3687,NA,62.79
290150,0,2901502,2218,NA,NA
290160,3,2901601,3244,NA,NA
290170,1,2901700,1504,NA,NA
290180,2,2901809,2859,NA,NA
290200,9,2902005,1895,NA,NA
290210,7,2902104,7723,300,93.25
290260,9,2902609,4345,NA,40.35
290265,1,2902658,1648,NA,100
290270,NA,2902708,NA,NA,100
290280,27,2902807,7297,2940,38.19
290290,11,2902906,9028,153,NA
290300,5,2903003,3771,NA,95.78
290323,15,2903235,2112,NA,NA
290327,18,2903276,3494,NA,NA
290350,2,2903508,2043,NA,NA
290360,13,2903607,2240,NA,NA
290370,0,2903706,2891,870,NA
290380,0,2903805,4206,NA,NA
290390,82,2903904,17501,7800,NA
290395,2,2903953,1368,NA,95.88
290400,0,2904001,1523,NA,NA
290405,0,2904050,2105,NA,NA
290410,NA,2904100,NA,NA,NA
290420,1,2904209,1812,NA,NA
290430,2,2904308,4274,1870,NA
290440,54,2904407,959,NA,NA
290450,0,2904506,1416,NA,NA
290460,3,2904605,20062,1388,0
290475,NA,2904753,NA,NA,NA
290480,2,2904803,2174,NA,NA
290485,18,2904852,2536,189,NA
290500,3,2905008,5488,NA,NA
290510,0,2905107,1463,NA,100
290515,2,2905156,1078,NA,NA
290520,11,2905206,10179,NA,100
290530,4,2905305,3711,NA,100
290550,17,2905503,2658,NA,NA
290590,8,2905909,2160,1780,100
290600,0,2906006,9744,828,NA
290620,33,2906204,6161,NA,NA
290640,0,2906402,1539,NA,NA
290660,15,2906600,3052,NA,100
290670,3,2906709,5364,NA,100
290680,10,2906808,8280,NA,100
290682,36,2906824,3326,NA,100
290685,33,2906857,3595,NA,NA
290687,4,2906873,13092,766,83.23
290689,10,2906899,1243,328,100
290710,8,2907103,7333,1657,80.94
290720,7,2907202,11637,5061,NA
290730,22,2907301,7193,204,100
290755,2,2907558,1792,485,NA
290760,4,2907608,4873,NA,NA
290770,0,2907707,2080,780,NA
290780,1,2907806,8572,NA,NA
290790,1,2907905,4150,NA,59.48
290810,NA,2908101,NA,NA,NA
290840,0,2908408,17426,1191,0
290870,6,2908705,2983,NA,99.17
290880,2,2908804,1003,NA,44.06
290900,7,2909000,1515,NA,99.57
290910,12,2909109,4616,NA,100
290920,36,2909208,3647,1158,70.01
290950,10,2909505,1093,857,NA
290960,1,2909604,3206,NA,69.99
290990,7,2909901,6733,2625,NA
291010,NA,2910107,NA,NA,NA
291030,9,2910305,1350,NA,NA
291040,3,2910404,1861,1323,NA
291070,19,2910701,14260,2646,100
291075,8,2910750,5590,NA,NA
291077,NA,2910776,NA,NA,NA
291080,17,2910800,163048,100744,68.85
291085,13,2910859,4150,NA,NA
291125,14,2911253,1275,300,100
291130,2,2911303,1219,791,93.86
291140,0,2911402,3735,1193,93.8
291165,2,2911659,978,NA,96.81
291170,30,2911709,25591,11282,91.73
291185,8,2911857,2651,NA,NA
291190,0,2911907,8564,NA,NA
291200,6,2912004,2416,NA,NA
291220,0,2912202,1584,NA,100
291240,3,2912400,4527,NA,NA
291250,4,2912509,2486,NA,NA
291260,4,2912608,1104,NA,100
291300,0,2913002,1133,471,NA
291310,0,2913101,6074,NA,91.4
291320,6,2913200,7934,5890,NA
291330,0,2913309,1460,NA,NA
291340,NA,2913408,NA,NA,NA
291350,5,2913507,5153,609,88.83
291370,2,2913705,7254,NA,85.13
291380,0,2913804,2185,NA,62.55
291400,6,2914000,14915,1092,100
291410,0,2914109,2439,1408,NA
291420,8,2914208,1446,NA,NA
291430,12,2914307,2460,NA,100
291440,0,2914406,2531,NA,NA
291460,14,2914604,25730,4417,100
291470,1,2914703,21845,2680,0.1
291500,12,2915007,2239,NA,NA
291510,0,2915106,3679,NA,NA
291535,0,2915353,1354,NA,NA
291580,11,2915809,5927,198,NA
291640,4,2916401,22465,21044,100
291650,2,2916500,5812,NA,NA
291670,6,2916708,1709,2140,100
291680,0,2916807,5258,NA,NA
291685,23,2916856,4834,NA,100
291690,0,2916906,3425,2250,100
291700,20,2917003,5113,157,100
291710,12,2917102,7920,7920,NA
291720,0,2917201,2594,600,NA
291733,1,2917334,1840,NA,NA
291740,1,2917409,1295,NA,100
291750,2,2917508,23231,1279,46.16
291760,6,2917607,14028,5261,99.08
291770,5,2917706,6870,2854,100
291800,0,2918001,50977,46455,NA
291810,22,2918100,7355,NA,100
291835,4,2918357,6970,NA,100
291840,2,2918407,47409,35106,NA
291850,0,2918506,4973,NA,NA
291860,0,2918605,1416,NA,100
291870,15,2918704,951,NA,62.59
291875,0,2918753,1185,NA,NA
291900,2,2919009,852,280,98.73
291905,3,2919058,1556,NA,NA
291910,9,2919108,1813,NA,NA
291915,6,2919157,8658,NA,NA
291930,1,2919306,2944,1835,12.4
291940,1,2919405,1797,NA,54.36
291950,1,2919504,8858,NA,NA
291960,6,2919603,3286,2200,100
291970,0,2919702,5152,NA,NA
291980,13,2919801,15503,0,85.81
291990,45,2919900,1200,NA,100
291995,0,2919959,1492,NA,4.83
292000,1,2920007,2663,NA,NA
292010,13,2920106,4107,NA,100
292020,5,2920205,2718,NA,NA
292030,2,2920304,1236,NA,14.72
292040,10,2920403,2201,NA,NA
292050,1,2920502,5672,NA,99.49
292080,1,2920809,2425,NA,97.67
292105,14,2921054,1349,NA,NA
292120,14,2921203,7130,1635,NA
292130,9,2921302,3666,NA,100
292140,1,2921401,1035,NA,NA
292145,5,2921450,919,NA,65.69
292150,15,2921500,5849,NA,100
292160,9,2921609,2064,NA,56.7
292170,104,2921708,7445,4516,87.57
292180,1,2921807,2317,NA,99.78
292190,4,2921906,5960,2600,100
292205,29,2922052,2224,NA,76.34
292210,60,2922102,5286,NA,92.69
292225,12,2922250,777,409,NA
292265,8,2922656,2955,NA,47.37
292270,1,2922706,2552,NA,NA
292273,25,2922730,3148,NA,NA
292280,27,2922805,1364,NA,100
292285,1,2922854,1970,NA,NA
292290,0,2922904,4560,NA,NA
292303,0,2923035,71,NA,NA
292305,1,2923050,1950,NA,99.85
292310,0,2923100,4741,3600,100
292320,0,2923209,2991,NA,72.8
292335,4,2923357,2544,NA,NA
292340,2,2923407,3312,NA,99.66
292350,0,2923506,1692,1053,NA
292360,3,2923605,6846,NA,99.54
292370,NA,2923704,NA,NA,99.48
292380,11,2923803,6323,NA,100
292400,2,2924009,31559,10079,NA
292405,62,2924058,3073,NA,NA
292420,14,2924207,1619,NA,NA
292430,NA,2924306,NA,NA,NA
292440,NA,2924405,NA,NA,NA
292450,10,2924504,1346,NA,90.44
292460,NA,2924603,NA,NA,NA
292465,0,2924652,2200,1300,54.22
292470,0,2924702,2056,NA,0
292480,40,2924801,6149,NA,NA
292490,0,2924900,1376,NA,89.54
292500,5,2925006,5891,NA,100
292510,0,2925105,13870,NA,NA
292525,4,2925253,5489,NA,NA
292540,4,2925402,2895,NA,100
292560,4,2925600,5224,NA,100
292570,2,2925709,1901,2,29.86
292580,2,2925808,5145,NA,NA
292590,7,2925907,5724,NA,74.5
292593,17,2925931,3020,NA,NA
292595,37,2925956,3561,NA,NA
292600,5,2926004,8369,8369,100
292610,0,2926103,3348,NA,NA
292630,46,2926301,10453,207,80.2
292640,NA,2926400,NA,NA,NA
292650,1,2926509,546,NA,NA
292660,0,2926608,12971,6470,59.38
292665,0,2926657,138,NA,NA
292670,0,2926707,2342,1112,NA
292680,39,2926806,3541,NA,NA
292690,0,2926905,1977,NA,43.07
292710,5,2927101,2200,2200,100
292720,6,2927200,8228,666,NA
292750,17,2927507,4111,442,100
292760,5,2927606,3032,1268,61.66
292790,14,2927903,3281,2131,100
292800,45,2928000,9369,NA,NA
292820,0,2928208,6348,NA,NA
292830,17,2928307,1498,NA,NA
292850,22,2928505,2542,800,NA
292880,0,2928802,12887,130,100
292895,32,2928950,3446,NA,NA
292905,2,2929057,4777,NA,NA
292925,0,2929255,5922,NA,100
292937,2,2929370,3080,NA,NA
292970,5,2929701,2591,NA,NA
292980,10,2929800,2821,NA,NA
292990,1,2929909,7728,NA,NA
293000,0,2930006,2637,NA,99.56
293010,1,2930105,25780,12367,90
293015,NA,2930154,NA,NA,NA
293020,NA,2930204,NA,NA,NA
293030,53,2930303,3555,NA,98.79
293040,0,2930402,2862,NA,100
293050,5,2930501,23826,2420,NA
293060,7,2930600,5818,NA,100
293075,NA,2930758,NA,NA,NA
293076,1,2930766,2857,NA,NA
293077,3,2930774,6921,5441,100
293080,50,2930808,2285,NA,NA
293090,53,2930907,4606,0,NA
293100,0,2931004,3877,NA,NA
293105,5,2931053,3418,NA,NA
293110,17,2931103,2295,NA,NA
293130,132,2931301,3640,3075,99.99
293150,0,2931509,5691,700,NA
293180,3,2931806,1664,NA,NA
293190,0,2931905,9325,3642,NA
293200,4,2932002,5521,NA,NA
293210,0,2932101,3285,1841,88.96
293240,0,2932408,5296,NA,0
293245,9,2932457,2449,NA,NA
293260,NA,2932606,NA,NA,100
293280,0,2932804,4651,NA,100
293300,0,2933000,7875,NA,78.31
293305,1,2933059,4337,NA,NA
293310,18,2933109,2685,NA,95.33
293315,4,2933158,4098,2971,95.31
293330,13,2933307,93189,70702,100
293340,0,2933406,2314,NA,NA
293360,15,2933604,11236,1598,88.42
310100,0,3101003,4017,1458,99.46
310170,53,3101706,13391,12154,NA
310270,5,3102704,1305,NA,100
310340,47,3103405,10178,5965,100
310520,20,3105202,1284,1037,96.15
310650,27,3106507,2065,1162,76.36
310665,0,3106655,1409,NA,100
310825,1,3108255,1213,NA,NA
311270,8,3112703,3427,1295,100
311300,9,3113008,3200,281,100
311547,1,3115474,980,299,99.97
311610,127,3116100,2386,NA,NA
311700,18,3117009,1668,715,8.96
311783,2,3117836,596,NA,100
311950,12,3119500,2664,1408,100
312030,0,3120300,1368,436,100
312087,0,3120870,2118,NA,NA
312235,0,3122355,2223,NA,NA
312245,0,3122454,2765,971,100
312430,0,3124302,8690,NA,96.65
312560,0,3125606,2175,1864,100
312650,18,3126505,1804,NA,94.98
312670,365,3126703,4576,3379,100
312707,11,3127073,1239,NA,NA
312733,NA,3127339,NA,NA,NA
312780,5,3127800,2488,1184,100
312965,1,3129657,1644,NA,NA
313065,0,3130655,1140,389,99.47
313210,0,3132107,4638,1507,100
313330,10,3133303,6877,2870,100
313400,25,3134004,3301,2044,94.88
313470,32,3134707,3119,2135,NA
313505,4,3135050,7513,1943,100
313510,6,3135100,24292,6450,99.95
313520,1,3135209,15242,3866,85
313535,1,3135357,1368,NA,100
313545,8,3135456,1702,736,NA
313580,12,3135803,7171,4899,97.59
313600,218,3136009,4012,3094,NA
313650,0,3136504,2691,2475,98.39
313652,3,3136520,562,950,100
313657,4,3136579,1037,569,86.85
313695,0,3136959,1416,38,NA
313865,1,3138658,2107,308,NA
313925,NA,3139250,NA,NA,30.7
313930,2,3139300,4768,113,100
314055,0,3140555,3176,2586,100
314085,11,3140852,2215,NA,NA
314100,51,3141009,4051,NA,NA
314140,6,3141405,5642,4956,NA
314225,10,3142254,523,NA,87.26
314270,0,3142700,3478,117,100
314290,0,3142908,5736,83,43.49
314315,38,3143153,884,654,100
314345,0,3143450,1277,NA,57.55
314465,0,3144656,1455,NA,72.65
314505,4,3145059,2300,731,100
314530,16,3145307,4307,2496,100
314537,15,3145372,1641,306,NA
314625,23,3146255,1468,178,NA
314630,12,3146305,4141,NA,100
314655,3,3146552,791,NA,100
314795,0,3147956,1044,NA,100
314870,28,3148707,6709,6091,100
314915,8,3149150,2115,NA,100
315217,36,3152170,2175,NA,NA
315220,44,3152204,11599,3264,100
315450,9,3154507,1562,1034,60.32
315560,0,3155603,4257,1234,99.5
315650,12,3156502,1830,453,100
315660,0,3156601,2892,NA,NA
315700,13,3157005,14989,10920,100
315710,3,3157104,2015,NA,NA
315737,15,3157377,760,546,100
315810,53,3158102,1543,1412,NA
316045,0,3160454,760,668,100
316240,2,3162401,2749,473,NA
316245,1,3162450,1132,NA,NA
316270,0,3162708,4933,2381,NA
316695,0,3166956,926,NA,100
316800,5,3168002,10071,3849,100
317065,0,3170651,1122,NA,NA
317090,0,3170909,4278,686,NA
317103,2,3171030,1831,NA,94.64
317160,5,3171600,3761,0,NA
